{"0.5": 0.5962364491716098, "0.55": 0.5808958887298016, "0.6": 0.5606463489466148, "0.65": 0.5397831867457558, "0.7": 0.5082839026385764, "0.75": 0.46573941501329513, "0.8": 0.39946819390468397, "0.8500000000000001": 0.298425035794641, "0.9": 0.1650644303538556}