{"0.5": 0.737338456164862, "0.55": 0.7259867272092211, "0.6": 0.7155082081732449, "0.65": 0.6938526021655606, "0.7": 0.66765630457562, "0.75": 0.6281872162067761, "0.8": 0.5618232623122599, "0.8500000000000001": 0.4414949353824659, "0.9": 0.24869018512050298}