{"0.5": 0.8281774792292734, "0.55": 0.8106770372989217, "0.6": 0.7986565317305993, "0.65": 0.7836308997701962, "0.7": 0.7542867244122327, "0.75": 0.7088562842496022, "0.8": 0.6308997701962171, "0.8500000000000001": 0.49443167756761536, "0.9": 0.29503270284603145}