{"0.5": 0.7281648675171737, "0.55": 0.7099116781157998, "0.6": 0.6885181550539745, "0.65": 0.656918547595682, "0.7": 0.6239450441609421, "0.75": 0.57252208047105, "0.8": 0.4887144259077527, "0.8500000000000001": 0.3746810598626104, "0.9": 0.20372914622178606}