{"0.5": 0.5588054816935979, "0.55": 0.541419513192882, "0.6": 0.5244426263039477, "0.65": 0.5056248721619964, "0.7": 0.4755573736960524, "0.75": 0.4315811004295357, "0.8": 0.3706279402740847, "0.8500000000000001": 0.28083452648803436, "0.9": 0.1511556555532829}