{"0.5": 0.7177625122669283, "0.55": 0.7004906771344456, "0.6": 0.6824337585868498, "0.65": 0.658684985279686, "0.7": 0.6162904808635917, "0.75": 0.5631010794896958, "0.8": 0.47968596663395485, "0.8500000000000001": 0.37369970559371934, "0.9": 0.20255152109911678}