{"0.5": 0.8248188085557716, "0.55": 0.8135053915502917, "0.6": 0.8028990631076542, "0.65": 0.7815096340816687, "0.7": 0.7486300159094926, "0.75": 0.6998409050733604, "0.8": 0.6238288845677921, "0.8500000000000001": 0.49602262683401094, "0.9": 0.2923811207353721}