{"0.5": 0.726336011177087, "0.55": 0.712190010478519, "0.6": 0.6969961578763535, "0.65": 0.6790080335312609, "0.7": 0.6496681802305274, "0.75": 0.6063569682151589, "0.8": 0.5415647921760391, "0.8500000000000001": 0.4268250087320992, "0.9": 0.24118057981138666}